	Androgen	EGFR	Estrogen	Hypoxia	JAK-STAT	MAPK	NFkB	PI3K	TGFb	TNFa	Trail	VEGF	WNT	p53
0.08h	0.539839506149292	0.9910926222801208	0.8516737222671509	0.539839506149292	7.687297172616439e-25	0.16674627363681793	2.2510698727273848e-07	0.012554073706269264	0.020050756633281708	7.104088581399992e-05	0.4952109158039093	0.006248963065445423	0.17873018980026245	7.3065757533186115e-06
1h	0.030431285500526428	0.01238963846117258	0.004238305147737265	3.398720750989517e-21	0.03905072435736656	0.9329570531845093	0.05104825645685196	0.9939357042312622	0.0	0.7889263033866882	0.7564082741737366	0.9939357042312622	0.6593163013458252	0.11281949281692505
12h	0.0001222163118654862	1.1795220355992342e-09	0.3133857846260071	4.859539694734849e-05	0.0001222163118654862	9.634343323128292e-11	0.13192395865917206	0.0	0.0	0.026887573301792145	0.6547145843505859	2.9949207176749315e-12	0.7920665144920349	0.02887122891843319
24h	0.01668112725019455	2.7903909184592353e-27	0.020136941224336624	0.24110276997089386	5.165545768903712e-09	1.1374987141368168e-27	0.3538934886455536	0.0	0.0	0.005849761888384819	0.1439756453037262	1.3189972490688495e-14	0.24478194117546082	0.32991552352905273
48h	0.03970135748386383	1.317647679854872e-08	0.22501692175865173	4.583827095672177e-09	0.0	0.0002736428868956864	0.019296305254101753	1.7899237197943083e-18	0.0	0.8332225680351257	0.22501692175865173	7.822609404684044e-07	0.15871411561965942	6.833712220972835e-41
72h	0.11720385402441025	6.796672096243128e-06	0.07930571585893631	2.5216197185873312e-11	1.401298464324817e-45	0.0018135183490812778	0.022869747132062912	1.4339073348210778e-17	0.0	0.8390804529190063	0.25301095843315125	1.911715116875712e-06	0.03677205368876457	1.145281234892673e-41
96h	0.17840759456157684	0.005700561683624983	2.167231194505348e-08	1.1874639292697164e-11	0.0	0.11405924707651138	0.009543213993310928	0.12639659643173218	0.0	0.8185943961143494	0.7957855463027954	0.00020395305182319134	0.3885731101036072	0.0
